{
  "jL5S1_rotx": 0.2214096457482928,
  "jL5S1_roty": -0.3016341401771081,
  "jT9T8_rotx": 0.07661292933473979,
  "jT9T8_roty": 0.04093290694378815,
  "jT9T8_rotz": -0.13742487838203477,
  "jC7RightShoulder_rotx": 0.05427276607002101,
  "jC7LeftShoulder_rotx": 0.43987134881278217,
  "jT1C7_rotx": 0.4566218644115881,
  "jT1C7_roty": -0.3145501095316978,
  "jT1C7_rotz": 0.8211671393222701,
  "jC1Head_rotx": -0.3205196779646323,
  "jC1Head_roty": -0.14854520998412393,
  "jRightShoulder_rotx": 0.4981928396785218,
  "jRightShoulder_roty": -0.7265795281246585,
  "jRightShoulder_rotz": -0.11994150243333124,
  "jRightElbow_roty": -1.165649804118034,
  "jRightElbow_rotz": 0.7716948489001327,
  "jRightWrist_rotx": 0.7388480618628634,
  "jRightWrist_rotz": -0.29345597564798637,
  "jLeftShoulder_rotx": 0.32313302822898526,
  "jLeftShoulder_roty": 0.1590797392480494,
  "jLeftShoulder_rotz": -1.1087663383716637,
  "jLeftElbow_roty": 1.1057300800232266,
  "jLeftElbow_rotz": -1.0811005622780052,
  "jLeftWrist_rotx": -0.41574400393939615,
  "jLeftWrist_rotz": 0.07977386293806438,
  "jRightHip_rotx": -0.3794344281623187,
  "jRightHip_roty": -0.9327750815667668,
  "jRightHip_rotz": 0.24282570534849984,
  "jRightKnee_roty": 0.008678715968996942,
  "jRightKnee_rotz": 0.21948830752837167,
  "jRightAnkle_rotx": 0.41659177426791905,
  "jRightAnkle_roty": 0.6110759369581926,
  "jRightAnkle_rotz": 0.4077094138754699,
  "jRightBallFoot_roty": 0.36798170703959954,
  "jLeftHip_rotx": 0.38934256959271474,
  "jLeftHip_roty": 0.02921119571095207,
  "jLeftHip_rotz": 0.037193183615978787,
  "jLeftKnee_roty": 0.6088258382387668,
  "jLeftKnee_rotz": 0.3228953860668803,
  "jLeftAnkle_rotx": 0.1818552943116683,
  "jLeftAnkle_roty": -0.23711579714888842,
  "jLeftAnkle_rotz": 0.12154902611135923,
  "jLeftBallFoot_roty": 0.9362992394274204,
  "link1_link2_joint": -0.8318787021375191,
  "link2_link3_joint": 1.1715407874153183,
  "link3_link4_joint": 0.03657084100363672
}