{
  "jL5S1_rotx": 0.2229737809643056,
  "jL5S1_roty": 0.2624617576485968,
  "jT9T8_rotx": 0.013074126015049814,
  "jT9T8_roty": -0.02932956078597282,
  "jT9T8_rotz": -0.3316372007062588,
  "jC7RightShoulder_rotx": -0.46583727894728455,
  "jC7LeftShoulder_rotx": 0.013372765103090267,
  "jT1C7_rotx": 0.21251884739087068,
  "jT1C7_roty": -0.34910456097617115,
  "jT1C7_rotz": -0.8154026147050244,
  "jC1Head_rotx": 0.4004936058078699,
  "jC1Head_roty": -0.2937292946693085,
  "jRightShoulder_rotx": -1.2223682005325416,
  "jRightShoulder_roty": 0.2628814663503448,
  "jRightShoulder_rotz": -0.26313929023578586,
  "jRightElbow_roty": 0.19639750249493115,
  "jRightElbow_rotz": 1.1220666146861948,
  "jRightWrist_rotx": 0.34777027281945216,
  "jRightWrist_rotz": -0.11051662513311616,
  "jLeftShoulder_rotx": -0.822953504355125,
  "jLeftShoulder_roty": -1.1060062952772758,
  "jLeftShoulder_rotz": -0.001729661343743416,
  "jLeftElbow_roty": 1.1822478492924269,
  "jLeftElbow_rotz": -0.8912979501900146,
  "jLeftWrist_rotx": -0.10866825475028585,
  "jLeftWrist_rotz": 0.39207365366816516,
  "jRightHip_rotx": -0.5438625944525166,
  "jRightHip_roty": -1.3918698247263706,
  "jRightHip_rotz": 0.25683412310893994,
  "jRightKnee_roty": 0.8946096714910586,
  "jRightKnee_rotz": -0.15638679613773404,
  "jRightAnkle_rotx": -0.26172288618486805,
  "jRightAnkle_roty": 0.6209303439085502,
  "jRightAnkle_rotz": 0.36037151811038215,
  "jRightBallFoot_roty": -0.01550158061677176,
  "jLeftHip_rotx": 0.09197895375913245,
  "jLeftHip_roty": 0.017130174126278153,
  "jLeftHip_rotz": 0.01145299428251223,
  "jLeftKnee_roty": 0.6084595446621937,
  "jLeftKnee_rotz": -0.3681361761898412,
  "jLeftAnkle_rotx": 0.3327399843795784,
  "jLeftAnkle_roty": 0.5451946117539518,
  "jLeftAnkle_rotz": -0.3573590178687432,
  "jLeftBallFoot_roty": 0.12573203543910605,
  "link1_link2_joint": 0.6072037871337332,
  "link2_link3_joint": -0.47998185352890843,
  "link3_link4_joint": -0.7886622043281029
}